{
  "width": 459,
  "height": 297,
  "cx": [
    [ "PODCASTS", 77 ],
    [ "PEUT_RECEVOIR", 223 ],
    [ "COMMENTAIRES", 377 ],
    [ "CATEGORIES", 77 ],
    [ "PEUT_AVOIR", 223 ]
  ],
  "cy": [
    [ "PODCASTS", 85 ],
    [ "PEUT_RECEVOIR", 85 ],
    [ "COMMENTAIRES", 85 ],
    [ "CATEGORIES", 237 ],
    [ "PEUT_AVOIR", 237 ]
  ],
  "shift": [
    [ "PEUT_RECEVOIR,PODCASTS,0", 0 ],
    [ "PEUT_RECEVOIR,COMMENTAIRES,0", 0 ],
    [ "PEUT_AVOIR,PODCASTS,0", 0 ],
    [ "PEUT_AVOIR,CATEGORIES,0", 0 ]
  ],
  "ratio": []
}
